id,label,content,weight,text_weight,emo_weight
5.80E+17,0,#√öltimahora Es tracta d'un aparell de Germanwings amb 152 passatgers a bord http://t.co/hT5BhpuGuv,0.844647288,0.940703869,0
5.80E+17,0,Route map now being shared by http://t.co/LZkOXadHKa. #4U9525 https://t.co/Hq8KbP2aus,0.87104702,0.939322233,0.404992478
5.80E+17,0,Pray for #4U9525 http://t.co/II7Rl24ffH,0.841671646,0.945809126,0.012412094
5.80E+17,0,Airbus A320 #4U9525 crash: Flight tracking data here: http://t.co/9W6hfTGYQV #airbus http://t.co/RchXQsoqdJ,0.830021918,0.929326355,-0.144249758
5.80E+17,0,Flightradar24 has this as the plane's last position. #4U9525 https://t.co/KffO4s4N6G,0.876809478,0.935823143,0.389328877
5.80E+17,0,IMAGE: Flightradar24 has this as the plane's last position. #4U9525 http://t.co/CIeAyJ4AOf - @BBCRosAtkins,0.894438982,0.945670903,0.389328877
5.80E+17,0,Last position Germanwings A320 via @flightradar24 http://t.co/kJ5F9vlNQs,0.844235659,0.929422081,0.297819978
5.80E+17,0,Germanwings A320 D-AIPX is one of the oldest A320 with serial number 0147 and was delivered in Nov 1990#4U9525 http://t.co/SW9ykvWtnW,0.83577168,0.864201486,0.340872968
5.80E+17,0,Last few positions of the @germanwings flight plotted on a map http://t.co/UX5G1gYGX7,0.890297174,0.953058958,0.404992478
5.80E+17,0,JUST IN: Airbus plane operated by Lufthansa's Germanwings budget airline crashes in southern France: Officials,0.703589082,0.883931518,-0.008993238
5.80E+17,0,BREAKING Last few positions of the @germanwings flight plotted on a map http://t.co/wryDeXWNPV /@planefinder,0.874596119,0.944871902,0.404992478
5.80E+17,0,Playback of flight #4U9525 is available on http://t.co/FHoX6q0GHtPictures http://t.co/VWG2skC75J http://t.co/e4D5Tx8n1x,0.839438915,0.886899233,0.404992478
5.80E+17,0,"An Airbus A320 plane operated by Germanwings crashed in France near Digne les Bains, French Prime Minister says. http://t.co/iWeLBpmiHS",0.821322918,0.943683743,-0.019279817
5.80E+17,0,"MORE: #4U9525 jet belonged to Germanwings low-cost, authorities confrm the crash, debris found http://t.co/zU6hn03xzU http://t.co/0yWIEnAtJT",0.896819115,0.801058412,-0.141401094
5.80E+17,0,Germanwings Airbus A320 crashes in French Alps: What we do and do not know http://t.co/3xKSCtFFwT http://t.co/ugwghZVbHr,0.87567246,0.916329861,0.404992478
5.80E+17,0,BREAKING: Germanwings Airbus A320 en route from Barcelona to Dusseldorf crashes in southern French Alps -- French PM. http://t.co/UhEDxeVTkX,0.82433331,0.93740803,0
5.80E+17,0,Playback of flight #4U9525 with speed and altitude graph is available on http://t.co/FHoX6q0GHt http://t.co/amfKBbdeok,0.86756134,0.909684896,-0.023004646
5.80E+17,0,"Here is the speed and altitude graph of #4U9525 from @flightradar24. Scary stuff, shows it impacted ground at 400kts http://t.co/2ZYbh4MIih",0.867318571,0.938467264,-0.383751832
5.80E+17,0,"Likely there'll be ""no survivors"" in #Germanwings crash, French President Francois Hollande says. Follow our coverage http://t.co/KH4ZKClfml",0.887178838,0.957360208,0.243371694
5.80E+17,0,UPDATE @flightradar24 altitude &amp; speed chart of #4U9525 http://t.co/wGXZMtDVDI http://t.co/pFdVDioV0e,0.866059065,0.943294346,-0.297387349
5.80E+17,0,The route of the Germanwings Airbus A320 plane which has crashed. Updates of #alpscrash here: http://t.co/L8qr5Lp1c1 http://t.co/vG7819ORUd,0.872669339,0.9483248,-0.023004646
5.80E+17,0,BREAKING NEWS: Germanwings flight GWI18G crashes in French Alps: http://t.co/v8yssTEbHR http://t.co/GA8ZdGUq30,0.867359936,0.938843489,0
5.80E+17,0,DEVELOPING: Flight log of GWI9525's Airbus A320 last recorded movements #Germanwings http://t.co/gkBze2MTkx,0.843171716,0.927846432,0.404992478
5.80E+17,0,Location of #Germanwings plane crash. http://t.co/9a9ZLDN4o7,0.897000194,0.951592088,-0.324688463
5.80E+17,0,What we do and do not know about Germanwings flight 4U9525 http://t.co/9oV6x1lrrf http://t.co/ZFaHUwPx4B,0.883503318,0.950647354,0.404992478
5.80E+17,0,"PHOTO: This 2014 file photo shows a Germanwings Airbus 320 parked at the airport in Duesseldorf, Germany: http://t.co/XeGdvCUcO9",0.869409502,0.948107958,0.340872968
5.80E+17,0,"FOX NEWS ALERT: Germanwings Airbus A320 was 24 years old, traveling from Barcelona to Dusseldorf http://t.co/OvBETeYbMt",0.836047411,0.915147007,-0.309985784
5.80E+17,0,"#4U9525: The age of the A320 (24 years) is not particularly unusual, though it is at the higher end of the curve.",0.733129859,0.830758333,-0.023004646
5.80E+17,0,Playback of flight #4U9525 with speed and altitude graph is available on http://t.co/MOQyH9KUrL http://t.co/J084cUaebe (via @flightradar24),0.864896536,0.899583697,-0.023004646
5.80E+17,0,#Germanwings Airbus A320 flight was travelling from Spain to Germany when it crashed. http://t.co/EDoH4hAD7w http://t.co/ODxFHTAWY9,0.851640344,0.943590045,0.404992478
5.80E+17,0,R.I.P. My sincere condolences to @germanwings colleagues and families. http://t.co/Ht8srgXkZ2,0.866692424,0.953103065,0.032983427
5.80E+17,0,Germanwings Airbus A320 crashes in French Alps - live updates http://t.co/ZCHyZHUQ6Y,0.82451427,0.899413943,0
5.80E+17,0,Thoughts &amp; prayers with the loved ones of the passengers on-board @germanwings #4U9525 #AirbusA320 . Horrendous tragedy.,0.837299109,0.927611947,-0.061061704
5.80E+17,0,#A320 Germanwings plane crash: Majority of victims likely to be German says French President http://t.co/U4yg4ndyBo http://t.co/eHb2UetmxI,0.900241733,0.910598993,-0.039490158
5.80E+17,0,A320 search &amp; rescue teams are said to be heading to the crash site at M√©olans-Revel in the French Alps#Germanwings http://t.co/gkBze2MTkx,0.878118157,0.954927325,0.109180468
5.80E+17,0,DETAILS: #Germanwings Airbus #A320 crashes near small town of #Barcelonnette in Alpes-de-Haute-Provence #4U9525 http://t.co/zU6hn03xzU,0.830763459,0.939193249,-0.020794713
5.80E+17,0,This is what we know about the Germanwings Airbus A320 plane crash so far http://t.co/DsZnmtgLun http://t.co/0X1MgYByK8,0.887114167,0.953947365,0.195074669
5.80E+17,0,And I've just heard the news of the GermanWings plane crashüòûthoughts go out to those involvedüòû,0.747122288,0.884317338,0.195074669
5.80E+17,0,It‚Äôs not just CNN. This France24 anchor is asking whether it‚Äôs normal that planes would fly over mountains. #4U9525 http://t.co/fR6EGJbfKQ,0.897221923,0.949984133,0.242700711
5.80E+17,0,UPDATE CRASH This is what we know about the Germanwings #4U9525 Airbus A320 plane crash so far http://t.co/Ah5H6qxIRp,0.868090153,0.945002437,0.105394433
5.80E+17,0,#BREAKING: Hollande expresses 'solidarity' with families of A320 airbus victims #Germanwings  http://t.co/gkBze2MTkx http://t.co/1jNcOSTS1Q,0.878675461,0.916648626,0.044283755
5.80E+17,0,Last position of the #GermanWings Airbus A320 passenger jet that crashed in the French Alps http://t.co/8UPMsinQkX http://t.co/K3etnEPmxk,0.8463521,0.908478856,0.008916455
5.80E+17,0,Germanwings plane crashes in southern France http://t.co/Y4vqLg5RL8,0.863221049,0.903296113,-0.43752596
5.80E+17,0,VIDEO -  BREAKING NEWS - Germanwings plane crashes en route from Barcelona to Dusseldorf http://t.co/0LdGZfSU5w http://t.co/e7tB0eENhi,0.880138993,0.934875429,-0.43752596
5.80E+17,0,RT @flightradar24: Playback of flight #4U9525 with speed and altitude graph is available on http://t.co/ngHGFS1e0a http://t.co/9Wogkx8RgT,0.871077538,0.86721909,-0.023004646
5.80E+17,0,The point that @flightradar24 last tracked @germanwings #4U9525 at just over 2000 metres. https://t.co/2BlIrW3Saf http://t.co/zknvHXSXB7,0.905999422,0.943823695,0.245851743
5.80E+17,0,NEWS Germanwings flight crashes in south of France http://t.co/Iy99ucFqQ0,0.879453778,0.932497203,-0.43752596
5.80E+17,0,My thoughts are with all the people on the missing Germanwings flight and their families!,0.757950723,0.902994037,0.205025114
5.80E+17,0,"At our last position report of 10,275ft we had the ground level at 3,300ft #4U9525",0.759541988,0.861135483,0.127147607
5.80E+17,0,"Seeing painful speculation very early. Very little is known. Stay calm, care for victims, their families, and gather true info. #4U9525",0.783671021,0.90918386,0.205938551
5.80E+17,0,Germanwings crash: French Interior Minister Bernard Cazeneuve says debris from the plane has already been found http://t.co/hHgN2S6ouT,0.860679448,0.882907629,-0.097550032
5.80E+17,0,"Just landed, Barcelona to Kaunas. Found out about the Germanwings airplane tragedy. Our thoughts are with the passengers and their families.",0.763574123,0.872572184,0.251413601
5.80E+17,0,FOX NEWS ALERT: Search and rescue underway...teams headed to Germanwings plane crash site in French Alps http://t.co/kBkbqYUegs,0.868886471,0.953226566,-0.148477134
5.80E+17,0,Everything we know about the Germanwings plane crash in France http://t.co/o0ZSGb1lQq http://t.co/N4TTbxlOY4,0.885100484,0.952797651,-0.131061172
5.80E+17,0,We are now tracking helicopters in the area where #4U9525 went down http://t.co/ylSF3zHgYa,0.886943817,0.95040834,-0.210216973
5.80E+17,0,Subscribe to our Twitter list for latest reports on #Germanwings' #Airbus crash http://t.co/tDzAfiZtne http://t.co/5A72oANlJL,0.863337994,0.93952316,0.079023666
5.80E+17,0,PHOTO: The area where #4U9525 crashed: Prads-Haute-Bleone http://t.co/a3Lu8SD5tw - @L0gg0l,0.890429139,0.947581232,0
5.80E+17,0,"Lufthansa CEO Spohr: ‚ÄúIf our fears are confirmed, this is a dark day for Lufthansa. We hope to find survivors.‚Ä?#4U9525",0.788003922,0.932670832,0.207200326
5.80E+17,0,#BREAKING: A helicopter has located the Airbus A320 crash scene - officials #germanwings #A320 http://t.co/JLDCz6AhFR,0.870046139,0.950797498,-0.324688463
5.80E+17,0,Airport operator Aena: Crashed #GermanWings jet took off from Barcelona airport at 0855 GMT http://t.co/8UPMsinQkX http://t.co/4IpoDSEy7U,0.86770153,0.933920979,-0.126729853
5.80E+17,0,#4U9525: #Hollande expresses his solidarity to families of #Germanwings crash victims http://t.co/XTMaa9mAV2 http://t.co/LwWifZXb5X,0.888919234,0.892398238,-0.063159343
5.80E+17,0,Malaysia and Indonesia have yet to recover from #MH370 #MH17 and #QZ8501. Our prayers for families of those aboard @germanwings #4U9525,0.837560833,0.917816699,0.246782166
5.80E+17,0,"Debris from the Germanwings crash has already been found, says French interior minister http://t.co/q1I8tkghmf http://t.co/OzZRBMLDD8",0.872087359,0.884377122,-0.010707836
5.80E+17,0,Deeply shocked to learn about crash of flight #4U9525 in France. Our thoughts and prayers are with the victims &amp; their families @EPPGroup,0.810302377,0.930767953,0.256039018
5.80E+17,0,DETAILS: #4U9525 flight crash has been the first accident in history of #Germanwings. http://t.co/WKhAjiH6pQ #A320,0.910158455,0.949295998,-0.143668191
5.80E+17,0,#Germanwings Airbus 320 was on its way from Barcelona to Dusseldorf. Disappeared off radar after 11am local time http://t.co/ZPzV2KfigR,0.82101059,0.944812953,0.394681024
5.80E+17,0,"I don't get it ... The #Germanwings flight descended 31.000 feet in 10 minutes and didn't change course at all, acc. to Flightradar data ...",0.751773,0.806977153,-0.123446597
5.80E+17,0,.@Bulc_EU: Our thoughts are with the families of the passengers on board of #Germanwings #Airbus #A320 - http://t.co/DYmEa3Wc6p,0.891301453,0.95131278,0.302011665
5.80E+17,0,This morning my thoughts and prayers are with all the people on board the #Germanwings flight and their families.,0.743698418,0.892659903,0.258525484
5.80E+17,0,"UPDATE: 240 firefighters, 210 policemen are on their way to the crash site http://t.co/WKhAjiH6pQ #Germanwings #4U9525",0.90179038,0.946182251,0.027986494
5.80E+17,0,Airplane crash Germanwings. http://t.co/wtW1f2Krsy,0.892357945,0.955652177,-0.324688463
5.80E+17,0,Germanwings crash: "The accident happened in a zone that is particularly hard to access." http://t.co/on24GtCYyv,0.880537033,0.943880975,-0.143668191
5.80E+17,0,"France's Interior Ministry says debris located at 2,000 meters altitude in French Alps. #Airbus #A320 #GermanWings",0.726514816,0.847194374,-0.14242147
5.80E+17,0,BREAKING: A Germanwings jet crashed in France as it traveled from Barcelona to Dusseldorf http://t.co/vqUUuspIFk http://t.co/mwguIFT1iu,0.851349473,0.919837952,-0.023004646
5.80E+17,0,"French PM: France has been plunged into a deep sadness... compassion, solidarity with all victims' families #Germanwings",0.75965637,0.922408938,0.053869425
5.80E+17,0,#AirbusCrash According to @flightradar24 this is the actual #Germanwings plane that has crashed. http://t.co/pkDHz6248P,0.88219142,0.944445252,0.234151097
5.80E+17,0,France‚Äôs La chaine m√©teo weather site says weather ‚Äúcalm‚Ä?in area of #4U9525 crash http://t.co/xZViemijJd http://t.co/BbvToAEEoD,0.891546905,0.858243585,-0.129405572
5.80E+17,0,Live updates: #Germanwings crash in Alps http://t.co/J37vkD8ANF #4U9525 #Germany http://t.co/F4mjj1lnsK,0.862971961,0.91212368,-0.144249758
5.80E+17,0,I have learned about the plane crash #4U9525 in France. Our thoughts are w/ families of passengers. EU services will assist in investigation,0.785701752,0.902972937,0.040507714
5.80E+17,0,Last position data of flight #4U9525 directly from Flightradar24 database http://t.co/Cig7OGxQM8,0.844964981,0.915923893,0.297819978
5.80E+17,0,Our thoughts are with the families and friends of those aboard the Germanwings flight 9525,0.707796931,0.901625752,0.168807145
5.80E+17,0,"Lufthansa: ""If our fears are confirmed, this is a dark day for Lufthansa. We hope to find survivors"" #Germanwings",0.711645007,0.924209774,0.207200326
5.80E+17,0,Last known location of crashed Germanwings plane in French Alps: http://t.co/lU1gH1c8dX,0.861667514,0.925867915,-0.023004646
5.80E+17,0,Full csv file with positions and altitude of flight #4U9525 http://t.co/KQ2hmCTkEX http://t.co/VoJPHRYR29,0.867115617,0.92362988,-0.309985784
5.80E+17,0,France's Interior Ministry says debris located in crash of Germanwings Flight #4U925 in South France - @AP http://t.co/by471NAzFg,0.873814702,0.901709199,-0.182230328
5.80E+17,0,Germanwings flight #4U9525 from Barcelona to Dusseldorf has crashed in southern France: http://t.co/0CsH1Me9E8 #9News http://t.co/iGnR19xh4Q,0.881318688,0.927164555,0
5.80E+17,0,"French interior ministry: Debris from #GermanWings Airbus A320 #4U9525 at 2,000m altitude http://t.co/8UPMsinQkX http://t.co/MIu94nhNbr",0.865399599,0.887518287,-0.14242147
5.80E+17,0,nearly perfect loop around crash area by @Armee_de_lair EC-135. #germanwings @Missilito http://t.co/oedXpF89td,0.86734271,0.95729363,-0.006559258
5.80E+17,0,Latest on the #GermanWings crash from our correspondent @H_E_Samuel http://t.co/q1I8tkghmf http://t.co/jbplIKZ6EW,0.873725653,0.958334684,0.052097237
5.80E+17,0,"The twin-engine Airbus A320 is considered among the most reliable aircraft, http://t.co/9Fkd9fPd3e #germanwings http://t.co/R9ag4dGnID",0.844859719,0.856396317,0.122600067
5.80E+17,0,Germanwings flight #4U9525 from Barcelona to Dusseldorf has crashed in French Alps.http://t.co/FHoX6q0GHtR.I.P. http://t.co/oUOhJrHxko,0.893794298,0.912035882,0
5.80E+17,0,#BREAKING Lufthansa chief says 'don't know yet what happened' to crashed Germanwings flight,0.725842714,0.881407082,-0.023004646
5.80E+17,0,All my thoughts with passenger's and crew's families at this difficult moment #Germanwings,0.758627176,0.891812801,0.273418183
5.80E+17,0,"#Germanwings A320 debris spotted at 2,000m above sea level in Alps - police source http://t.co/zU6hn03xzU #4U9525 http://t.co/ymo5yF97PB",0.879418015,0.931522608,-0.220037644
5.80E+17,0,R.I.P to the passengers aboard the @germanwings flight over France today &amp; Love to their families &amp; friends,0.80565542,0.852628231,0.082074134
5.80E+17,0,#Germanwings flight with at least 142 passengers and crew of six goes down in the Alps region. http://t.co/4SXbd0uiVA http://t.co/3t9Agmtciy,0.864749134,0.943155706,-0.420349916
5.80E+17,0,"""If our fears are confirmed, this is a dark day for Lufthansa,"" #Germanwings' parent company says after crash http://t.co/nIKx2M38Fm",0.823906064,0.890727878,0.100026827
5.80E+17,0,#Lufthansa tweets on #Germanwings #4U9525 crash - LIVE UPDATES http://t.co/zU6hn03xzU http://t.co/k0jbLmv84k,0.866734982,0.940913975,-0.144249758
5.80E+17,0,I'm horrified at the anti-Catalan and anti-German tweets coming from Spanish trolls on Twitter. I will not RT them. #Shame #GermanWings,0.762863398,0.915632129,0.12280495
5.80E+17,0,Sincere condolences to all the families and friends of those that perished in a terrible air catastrophe of flight #4U9525,0.658740342,0.881823301,0.09114221
5.80E+17,0,"Debris of #4U9525 #A320 airbus located in French Alps crash at 2,000 meters altitude http://t.co/JLDCz6AhFR?? http://t.co/gvxG16a8Cm",0.85163033,0.886622906,-0.324063395
5.80E+17,0,French president Hollande does not expect survivors from #Germanwings plane crash http://t.co/0YLB5DTeso http://t.co/UK8LVyuBbN,0.877792478,0.924184322,-0.054010203
5.80E+17,0,Germanwings  flight 4U9525 crashes in French Alps: a 'dark day' for Lufthansa if #4U9525 fears realised - live http://t.co/9la7dYRcUz,0.853117704,0.951364398,-0.058644474
5.80E+17,0,Watch our live and rolling coverage of #Germanwings plane crash in southern France: http://t.co/d0osIRFVQR http://t.co/e9n4uq3fDj,0.889132738,0.948256135,-0.239288389
5.80E+17,0,Debris from the #GermanWings plane that crashed in France is scattered over a remote area high up in the Alps http://t.co/K8eoAxT9ZD,0.868907452,0.940763414,-0.162183247
5.80E+17,0,LIVE A French Air Force EC-135 is flying over there area of crash #germanwings http://t.co/6z0zeNMoSN http://t.co/Ah5H6qxIRp,0.861235619,0.933133662,-0.178830986
5.80E+17,0,French PM says he fears those aboard the #Germanwings Airbus A320 jetliner may be dead. http://t.co/AJji9cN1w2https://t.co/8q1zCYZhN5,0.882237792,0.863624275,-0.023004646
5.80E+17,0,"‚ÄúIf our fears are confirmed, this is a dark day for Lufthansa,‚Ä?says CEO of Germanwings' parent company after crash http://t.co/tJVCCJSY4G",0.865103841,0.938518941,0.100026827
5.80E+17,0,Do follow us on @malaysiakini for the latest updates of the ill-fated #GermanWings http://t.co/9w8cZcIrwn http://t.co/NT2ugn0iEp,0.855801344,0.955251932,0.049552199
5.80E+17,0,Praying for Germanwings A320 passengers &amp; their families &gt; http://t.co/Ug4ULnF6XL#germanwings #A320,0.871508479,0.930888414,0.315387198
5.80E+17,0,#Germanwings plane crash: what we know so far http://t.co/q1I8tkghmf http://t.co/Lywc9MHPgj,0.865431666,0.961290061,0.027986494
5.80E+17,0,Yesterday #4U9525 took exactly the same route so yes it is a normal route! http://t.co/bjRgZomyAb,0.863822222,0.936794281,0.404992478
5.80E+17,0,"Crashed #GermanWings A320 Airbus is 24 years old, ID D-AIPX, first flight was in November 1990 http://t.co/8UPMsinQkX http://t.co/3ggahAQ3Pu",0.879367888,0.845181763,-0.43752596
5.80E+17,0,"French officials say they have now spotted debris from #Germanwings flight, more than 6K feet high in the Alps. -- @NorahODonnell",0.828076005,0.910705924,0.213887172
5.80E+17,0,"Dreadful news about the Germanwings crash. Impossible to tell cause from FlightRadar info, so let's not speculate. Thoughts with families.",0.778833747,0.89005208,0.1641077
5.80E+17,0,UPDATE Yesterday #4U9525 took exactly the same route /@planefinder http://t.co/wFg8KTSve2 http://t.co/UyLWPJArJ5,0.856845617,0.942304611,0.404992478
5.80E+17,0,Why do these catastrophes happen?Awful news about the #germanwings plane that has crashed. Thoughts are with those affected. Very sad indeed,0.748158276,0.869099259,0.272345478
5.80E+17,0,FOX NEWS ALERT: @GregPalkot has the breaking details on #germanwings crashhttps://t.co/IzNWpMEfUt,0.87451148,0.936896324,-0.144249758
5.80E+17,0,It's a tragic day for France &amp; for Europe. I want to express solidarity with family &amp; friends of crew &amp; passengers of #4U9525 #Germanwings,0.821718514,0.913663387,0.018889694
5.80E+17,0,French President Fran√ßois Hollande says he does not believe there will be any survivors of #germanwings crash http://t.co/ZBX37Z3Jbw,0.872164488,0.901996791,0.287302248
5.80E+17,0,"#GermanWings A320 Airbus 24 yrs old, first flight was in November 1990 http://t.co/zU6hn03xzU #4U9525 http://t.co/picb9shVF2",0.857823908,0.864177346,-0.43752596
5.80E+17,0,"Our thoughts are with the passengers and crew of flight 4U-9525, their families and friends. United by wings, @lufthansa @germanwings",0.760104477,0.937501669,0.002410361
5.80E+17,0,What we know about the Germanwings crash so far http://t.co/G8jyRegGrc http://t.co/UMWNHdT8HH,0.864618778,0.952568591,0.256958742
5.80E+17,0,This is the last radar contact with the #A320 #Germanwings plane http://t.co/ajdUDFMgAv http://t.co/YtVGPmKmFh,0.86272192,0.935279369,0.14686021
5.80E+17,0,"As you hear reports on the Germanwings crash, remember to be patient. The truth takes time. http://t.co/gbwzS3PIKG http://t.co/sSGhE6BLYc",0.852297902,0.952006698,0.233638941
5.80E+17,0,For the LATEST UPDATE on the #germanwings plane that crashed in Southern France click http://t.co/WaB80Cd3EC,0.835979521,0.941667438,-0.023004646
5.80E+17,0,My most sincere condolences to the victims of flight #4U9525 catastrophe and their relatives. No words can help but we stand by you.,0.658915281,0.85959053,0.226396078
5.80E+17,0,"Germanwings flight 4U9525 crashes in French Alps: weather calm at time of crash, debris found - live updates http://t.co/kRtcwgrW86 #4U9525",0.85537684,0.928004622,-0.012578834
5.80E+17,0,FM #Steinmeier on #planecrash in #France: Terrible news. Our thoughts are with those who must fear for the lives of their relatives. #4U9525,0.872388005,0.951982737,0.193533069
5.80E+17,0,Some follows for info on reported German plane crash in France: @lufthansa / @Airbus / @ECiotti / @germanwings http://t.co/ElBP57fxxw,0.855596304,0.945106268,-0.131061172
5.80E+17,0,"No survivors are expected from the Airbus A320 crash, the French President says.  http://t.co/5VmBfIGlj2 #germanwings http://t.co/sOmZfCrxMR",0.879879951,0.934747696,0.074127509
5.80E+17,0,Single-aisle Airbus A320s are the workhorses of the global fleet &amp; proliferate across European skies #4U9525 http://t.co/pe6OCMiy0q,0.835723758,0.872271419,-0.019279817
5.80E+17,0,UPDATE CRASH #4U9525 The arrivals board at Dusseldorf Airport http://t.co/wFg8KTSve2 http://t.co/P9d4CguBBi,0.873475552,0.940744758,-0.047499941
5.80E+17,0,"2/2 on 4U 9525. If our fears are confirmed, this is a dark day for Germanwings."" Carsten Spohr",0.798650146,0.90325737,0.200941906
5.80E+17,0,"""No survivors"" from #Germanwings crash in the Alps, French transport minister says http://t.co/iw1QLzJQKW http://t.co/Q0ssqcSKp2",0.882695794,0.91238451,0.052097237
5.80E+17,0,Flightpath of Germanwings A320 http://t.co/SHVkyEy4Ug http://t.co/aZouLEdgeI,0.843639493,0.930473447,0
5.80E+17,0,Family and Friends of flight #4U9525 will be in my prayers. May God take care.,0.699194133,0.90073508,0.274644175
5.80E+17,0,Here's a recap of the key points so far in the #GermanWings Alps plane crash. Live updates: http://t.co/8UPMsinQkX http://t.co/hNjZvcruqq,0.842842162,0.940231681,-0.131061172
5.80E+17,0,Germanwings has darkened its logo on Twitter after crash in French alps - Latest: http://t.co/DztGD0IPZV http://t.co/xc5GZn8l8r,0.867512465,0.919748485,-0.041325476
5.80E+17,0,BREAKING #GermanWings Here is a photo from helicopter of the crash area /France2 journalists http://t.co/wFg8KTSve2 http://t.co/RnC5gT5w40,0.893598139,0.952613831,-0.324688463
5.80E+17,0,#Germanwings crash: Arrivals board at #Dusseldorf airport http://t.co/zU6hn03xzU http://t.co/MOQt2LDido,0.873520136,0.946904659,-0.047499941
5.80E+17,0,.@germanwings have darkened their logo on Twitter following the crash of one of their planes in the French Alps http://t.co/9qIAn60uob,0.847725451,0.950945139,0.237710209
5.80E+17,0,It will be a dark day for us if #Germanwings plane crash confirmed says Lufthansa http://t.co/zoav2Dq617,0.845899224,0.93954289,-0.098593547
5.80E+17,0,#Germanwings #4U9525 crash &amp; response sites &amp; LIVE UPDATES &amp; reactions http://t.co/zU6hn03xzU http://t.co/eJied1gWxq,0.8788836,0.88119936,-0.144249758
5.80E+17,0,PHOTO: Arrivals board in Dusseldorf Airport shows information for Germanwings plane that crashed in French Alps http://t.co/dymPQUJEHx,0.858173549,0.923785329,0.045641391
5.80E+17,0,Our thoughts are with the passengers and crew of flight 4U-9525 and all relatives and colleagues #unitedbywings @germanwings @lufthansa,0.774788201,0.927189589,0.158978308
5.80E+17,0,IMPORTANT: INFORMATION TELEPHONE FOR RELATIVES OF #A320  TF 00 49 80 011 33 55 77 @germanwings,0.813427746,0.910808563,0.171557744
5.80E+17,0,This picture from a helicopter sent to the #Germanwings Alps plane crash site shows how remote the area is http://t.co/Fo6h66ZehE,0.887652338,0.948163509,-0.252852986
5.80E+17,0,Here's what we know so far about the #Germanwings flight that crashed in the French Alps http://t.co/3cruv6QIyv http://t.co/7QmHuwhkRi,0.854146481,0.946125031,0.404992478
5.80E+17,0,Our thoughts &amp; prayers are with the families and friends of @Germanwings #4U9525 passengers &amp; crew.,0.813141108,0.900402606,0.012727815
5.80E+17,0,BREAKING: @lufthansa and @germanwings @Lufthansa_DE have changed their logos to blac as a mark of respect  http://t.co/AnST3O0yXm -  FlightC,0.829985499,0.915323496,0.39026352
5.80E+17,0,Germanwings has posted the following updated statement via Twitter: http://t.co/q1I8tkghmf http://t.co/odiENY7FDw,0.815237164,0.944902897,0.243115891
5.80E+17,0,WATCH LIVE: France 24 coverage of Germanwings plane crash - http://t.co/MeN3sT6IwX http://t.co/e9RxyC7w6m,0.87403059,0.94487524,-0.276744358
5.80E+17,0,Lufthansa and Germanwings have established a telephone hotline. The toll-free 0800 11 33 55 77 number is available to all the families 3/5,0.737497568,0.879104137,0.401560029
5.80E+17,0,of the passengers involved for care and assistance. Everyone at Germanwings and Lufthansa is deeply shocked and saddened by these events.4/5,0.727054179,0.896633744,0.332125322
5.80E+17,0,"BREAKING Emergency units staging in Seyne-les-Alpes, near #4U9525 crash site /@Aviaponcho http://t.co/wFg8KTSve2 http://t.co/NaHq3MIOlz",0.888000965,0.921948016,-0.246058453
5.80E+17,0,Family members of victims of @germanwings crash arrive at Barcelona's El Prat airport http://t.co/wf2xONhzNQ http://t.co/CBDPm6JiHv,0.871528447,0.922123194,-0.031105916
5.80E+17,0,Lufthansa and Germanwings have established a telephone hotline. The toll-free 00800 11 33 55 77 number is available to all the families...,0.766167343,0.881723702,0.401560029
5.80E+17,0,Weather deteriorating for #GermanWings #4U9525 search &amp; rescue operation with snow above 1500m in S French Alps. CF http://t.co/Uf8e1M0otE,0.895763338,0.952478886,-0.123381299
5.80E+17,0,Helicopters are bringing bodies to a school gymnasium near site of #Germanwings A320 crash. http://t.co/4RUSYV7IUchttps://t.co/fQWAbR5Ea4,0.911178708,0.949979842,-0.382198233
5.80E+17,0,"Not yet clear if any UK nationals in #Germanwings crash; thoughts with relatives, Downing Street says http://t.co/slDKtp3mMK",0.899223447,0.945699692,0.256958742
5.80E+17,0,The Twitter accounts @lufthansa and @germanwings have turned their logos black. http://t.co/cEEj2mHVPG,0.847596467,0.941365004,0.105917275
5.80E+17,0,#Germanwings change their logo to grey and white as a sign of mourning #4U9525http://t.co/NK5U1GpHxL http://t.co/fZrvGy5p7w,0.849086285,0.929518461,-0.027658091
5.80E+17,0,LIVE A French AirForce C-135 still over the area of #Germanwings Crash. http://t.co/wFg8KTSve2 http://t.co/JKMsJ8wL7P,0.876148582,0.964774847,0.052097237
5.80E+17,0,UPDATE #Germanwings CRASH Here is the 3D flight path from FlightAware http://t.co/wFg8KTSve2 http://t.co/D4eu3XlDy2,0.863083005,0.937480211,-0.144249758
5.80E+17,0,#Germanwings Airbus is first crash of airliner on French soil since Concorde disaster: http://t.co/kE109W7CFT http://t.co/lKpUNUQNsu,0.85165894,0.922697425,-0.259909723
5.80E+17,0,My deepest condolences to the families of the victims of the flight that crashed in France this morning. http://t.co/4TixfKkRhJ #germanwings,0.796990991,0.947351336,0.168807145
5.80E+17,0,Rescue teams near #4U9525 crash site http://t.co/zU6hn03xzU (pics via @ActuSecours) #Germanwings http://t.co/IDeO1SpaM4,0.886575341,0.900347352,-0.023160269
5.80E+17,0,"My thoughts, prayers, and deepest condolences go out to the passengers and families of flight #4U9525 http://t.co/piNxBaQc5F",0.773426771,0.94156009,0.315387198
5.80E+17,0,#4U9525 was following the same flight path as yesterdayYesterday http://t.co/59MOETk0GdToday http://t.co/21vkfBS38D http://t.co/BynF6vlVE0,0.837190747,0.908131957,0.404992478
5.80E+17,0,"There are no survivors in the #Germanwings plane that was en route Barcelona, Spain, to Duesseldorf, Germany. Click http://t.co/X0FvJ9xpYu",0.869109869,0.95078516,0.245851743
5.80E+17,0,My thoughts are with the friends and family of the passengers of Germanwings flight 4U9525.,0.750933647,0.901113629,0.041032374
5.80E+17,0,"German chancellor Angela Merkel ""deeply shaken"" by #Germanwings crash, spokesperson says http://t.co/rpzUdmE3s0",0.85931778,0.86119163,-0.121437622
5.80E+17,0,BREAKING -4C on the #Germanwings crash site. Snow and wind expected in few mins. http://t.co/wFg8KTSve2 http://t.co/nm3JRSZ5da,0.885422826,0.944313526,-0.09220757
5.80E+17,0,Update: Latest Images of the rescue operation of #4U9525. (Pic via: C√©dric C./ActuSecours)  http://t.co/ezktB3SXaA - @PollyR_Aviation,0.889534652,0.957544684,0.015786679
5.80E+17,0,Follow our LIVE coverage of the #Germanwings flight 4U 9525 crash in France: http://t.co/QDmrXB1v6I http://t.co/pgwTvW4fzb,0.886043966,0.954655886,0.052097237
5.80E+17,0,French Air Force Boeing C-135FR Stratotanker flying over #4U9525 crash site http://t.co/Hv3kJZ28a9 http://t.co/EQl9ysUiXN,0.833737612,0.901305676,-0.279189015
5.80E+17,0,What we know about low-cost airline Germanwings whose plane crashed in the French Alps todayhttp://t.co/dpVjeGkEGT http://t.co/0HkXddItLs,0.874033928,0.951487422,0.166568727
5.80E+17,0,Helicopters and emergency vehicles are arriving in southern France. #Germanwings http://t.co/2Ry7Itpo4L,0.874123931,0.951610804,-0.411377555
5.80E+17,0,#Germanwings to hold press conference at 10a ET with the latest details on the plane crash. http://t.co/wBsvfOhd3Z http://t.co/CbPBXwhT1z,0.88441807,0.958593726,-0.324688463
5.80E+17,0,All 150 people on a #Germanwings plane which crashed in the Alps are thought to have died http://t.co/8UPMsinQkX http://t.co/RoM2b1e6zA,0.882662535,0.946768522,0.257649335
5.80E+17,0,150 feared dead in #Germanwings Airbus crash. LIVE coverage: http://t.co/Jk9jZjl7Tp http://t.co/YgcKHyNToQ,0.870371461,0.958008349,-0.324688463
5.80E+17,0,Today's flight path of #4U9525 is exactly matching yesterday's flight path until the moment when signal was lost http://t.co/eC62SfY9Ga,0.840268016,0.932577848,0.181955423
5.80E+17,0,Last known position of Germanwings flight: http://t.co/m9ZF6fy8yk http://t.co/wc8gKPxUAc,0.852364182,0.915736198,0.297819978
5.80E+17,0,"Our thoughts are with the families and crew of @germanwings following the loss of #4U9525, operated by @lufthansa subsidiary @germanwings.",0.719962955,0.863141239,0.025651264
5.80E+17,0,"Germanwings Airbus A320 climbed to 38,000 feet before starting to descend and lose signal http://t.co/4xRU5mICvz",0.84502691,0.865249455,-0.279134932
5.80E+17,0,Crash of the Germanwings flight is extremely unfortunate. We share the sorrow &amp; pain of the families of those on board.,0.684079945,0.881217122,0.032195137
5.80E+17,0,"Germanwings flight that crashed in French Alps had 144 passengers and 6 crew on board, airline's CEO says. http://t.co/EOKW9FoIJ4 #A320",0.869770408,0.921264648,0.030748976
5.80E+17,0,Photos show emergency services in French Alps after #Germanwings crash  http://t.co/teojxJoBMX http://t.co/EAVYroXyz0,0.876491547,0.91492039,-0.235129092
5.80E+17,0,What we know so far about #GermanWings #AirbusA320 crash with BBC's @christianfraserhttps://t.co/ZROmvZn8Ko,0.892091632,0.954036236,0.256958742
5.80E+17,0,"Rescue workers gather in Seyne, south-eastern France, near the site where a Germanwings Airbus A320 crashed. http://t.co/e0qFNMS8PW",0.825200081,0.939562798,-0.092198943
5.80E+17,0,We're shocked and devastated. Our deepest sympathy goes out to the families of all the victims. Our thoughts are with you all. #4U9525,0.714193821,0.90550375,0.381343726
5.80E+17,0,BREAKING VIDEO of the #Germanwings #4U9525 crash area http://t.co/wFg8KTSve2 http://t.co/sXS0kTX3b3,0.879824519,0.929913521,-0.144249758
5.80E+17,0,Our thoughts are with all the passengers and crew members on board @Germanwings flight #4U9525 and their loved ones.,0.763225555,0.914063394,0.257655142
5.80E+17,0,"UNCONFIRMED: this image, reportedly from local newspaper le Dauphine, also circulating. #4U9525 http://t.co/zUekdRYRPm",0.86201942,0.939096034,0.404992478
5.80E+17,0,PHOTO: Another image of crash site from #4U9525. (Pic via @laprovence)  http://t.co/K4O8fxQqzn - @PollyR_Aviation,0.900927067,0.954898953,-0.144249758
5.80E+17,0,"Nightmare! My thoughts go out to the victims, their family and friends.üôè #RIP #4U9525 #MH370 #MH17 #GE235 #QZ8501 #AH5017 #TooManyCrashes",0.832716942,0.908218682,0.245276387
5.81E+17,0,"‚Ü?http://t.co/6W6HpstrfA #planecrash plane crash Drexel University graduate, mom among Germanwings plane crash victi‚Ä?http://t.co/htTp0ALZye",0.859241664,0.930310488,-0.386024161
5.81E+17,0,"If one pilot leaves, somebody else is supposed to go in so there are always 2 people - @richardquest on #Germanwings http://t.co/kckkBkqjVh",0.881690204,0.935168624,0.385624574
5.81E+17,0,The reasons why they haven't yet released the names of the pilots of the Germanwings plane suddenly seem so clear.,0.681527019,0.856133103,-0.028818012
5.81E+17,0,Tony Abbott seeks advice about cockpit rules in wake of Germanwings crash http://t.co/UAGCk9kt65,0.849954784,0.898841381,0.054480612
5.81E+17,0,Germanwings crash: 3 different scenarios to unlock and lock the cockpit door http://t.co/WZpdG4wFY1 http://t.co/Bka6z48jHW,0.876737297,0.836263418,0.052097237
5.81E+17,0,Do you have questions about the #Germanwings crash? CNN experts answer #GermanwingsQs: http://t.co/eXKydn7mrdhttps://t.co/DChp07sO0w,0.870355189,0.942389488,0.256958742
5.81E+17,0,What we know so far about the #Germanwings crash: http://t.co/eV7PQABBTz http://t.co/Q7wY7GER82,0.854861915,0.954194248,0.256958742
5.81E+17,0,#Germanwings Flight 9525 co-pilot deliberately crashed plane! My #Prayers go out to the families! http://t.co/FhKlA2k3pL,0.847899854,0.949876428,0.010999437
5.81E+17,0,#Germanwings Flight 9525 co-pilot crashed plane! My #Prayers go out to the families! http://t.co/9Ek6j6hnMS http://t.co/xj9awb6Trh,0.870211244,0.943906426,0.010999437
5.81E+17,0,Co-pilot of Germanwings intentionally crashed the plane but he's white so he's not a terrorist.,0.62742883,0.720664501,0.052754714
5.81E+17,0,"‚ÄúThere's no black box for the human being,‚Ä?says @milesobrien of the #Germanwings crash http://t.co/rVGxkdbmkF",0.902929664,0.95034194,-0.183686369
5.81E+17,0,"With the #Germanwings tragedy, try to remember Captain Patrick Sonderheimer, who tried to kick down the door and save the plane.",0.739262462,0.89964366,-0.325688303
5.81E+17,0,Germanwings could face enormous legal liabilities in the crash that killed 150 people http://t.co/3nV929P1uc,0.862962425,0.909542799,0.164948008
5.81E+17,0,There were about 100 families‚Ä?close enough to see the helicopters - @NicRobertsonCNN on #Germanwings memorial http://t.co/4rsPH7Ke3h,0.911198139,0.940237045,0.168807145
5.81E+17,0,#Germanwings crash: How did co-pilot keep the captain out of the cockpit? via @OutFrontCNNhttp://t.co/MLAsT2KsuE http://t.co/YQkbk9NdqT,0.869979799,0.96340853,-0.092201126
5.81E+17,0,A tribute to the lives lost on #Germanwings Flight 9525 next on #AC360 http://t.co/zDHWF3pYN9,0.886368155,0.958120942,-0.052363695
5.81E+17,0,#Germanwings black box data released in 48 hrs but #MH17 data not released after 8 months Why?http://t.co/ZaNa7mXvng http://t.co/U94WB4f8Uu,0.870162129,0.914449215,-0.048984757
5.81E+17,0,It could be better to have zero pilots in a cockpit instead of one: http://t.co/ig0Z2boPOn #Germanwings http://t.co/JbA8I3MuKk,0.85787189,0.913424492,0.404992478
5.81E+17,0,Here's why the Germanwings crash scenario is less likely in the U.S. http://t.co/BTnZb7sEoT http://t.co/kY6SgGcDav,0.842558622,0.948618174,0.052097237
5.81E+17,0,These are the cliffs #Germanwings rescuers are up against in #SeyneLesAlpes. A brand new hour of #AC360 begins now http://t.co/cvHAxyKUr9,0.889861703,0.94325316,-0.023004646
5.81E+17,0,Two gut-wrenching pieces about the #Germanwings crash:From the mind: http://t.co/ZkbPirdJJBFrom the heart: http://t.co/t7FoLVDjnE,0.848236203,0.940952063,0.072770495
5.81E+17,0,JUST AHEAD: Could what happened with #Germanwings plane happen in the U.S.? Panel weighs in next on #KellyFile.,0.819559574,0.866253853,0.246432156
5.81E+17,0,A co-pilot deliberately crashed the Germanwings plane killing 150 people yet "there was no indication that it is an act of terrorism"? Pftt!,0.767791152,0.889092326,0.091722847
5.81E+17,0,"To cap its liability, the airline has to prove it was without fault - Aviation Attorney Justin Green on #Germanwings http://t.co/l14sBZkwGA",0.864663601,0.921152949,-0.011381592
5.81E+17,0,#AP10Things to know for Fri.: Turmoil escalates in Yemen; How airlines are responding to Germanwings crash: http://t.co/FHFMJtSNpm,0.891607285,0.946314335,-0.16940942
5.81E+17,0,Relatives of those who died on board Germanwings Flight 9525 gathered near the crash site: http://t.co/YrdZjge5PU http://t.co/Q9S8fz2soj,0.868675947,0.938494742,0.079023666
5.81E+17,0,‚ÄúThe horror. It‚Äôs all there in the sound of Lubitz breathing.‚Ä?@PGourevitch on the #Germanwings crash: http://t.co/Ek1hiZwR4P,0.886996031,0.944188952,0.047008581
5.81E+17,0,"Look, if Obama had cut taxes on the rich, then they'd all buy private jets and flight safety would just trickle down to #Germanwings",0.704506397,0.849354267,0.166568727
5.81E+17,0,A look at the cockpit-security measures that prevented Germanwings pilot from reentering: http://t.co/vRv13M66Ez http://t.co/CXROfyWrBH,0.882294536,0.958058715,0.243115891
5.81E+17,0,A tribute to the lives lost in #Germanwings crash set to music from #OlegBryjak &amp; #MariaRadner http://t.co/Uq0HXLcnSk http://t.co/LKWqgecgbX,0.901858926,0.876842141,-0.070034294
5.81E+17,0,RT @Sponkymusiclady: Especially sent to the families of the Germanwings terrorist attack! http://t.co/qtAtLBd0rr,0.89394933,0.949196458,-0.132889861
5.81E+17,0,Airlines begin requiring 2 crew members in cockpit at all times after #Germanwings crash: http://t.co/buO4yfkjx2,0.867767155,0.918991089,-0.114930023
5.81E+17,0,This video shows how the cockpit door of the crashed #Germanwings plane was designed to work http://t.co/iZtw2EHHNN http://t.co/n5U9cxvru9,0.894033074,0.935544848,-0.023004646
5.81E+17,0,Thoughts and prayers to the families and friends of the passengers of Germanwings Flight 9525. Beyond‚Ä?https://t.co/f51rHVQ4Er,0.858416796,0.958028674,0.041032374
5.80E+17,1,BREAKING We got reports the crash could be an Airbus A320 Germanwings between Barcelona and Dusseldorf.,0.722697139,0.865782857,-0.256958742
5.80E+17,1,142 PEOPLE ON BOARD GERMANWINGS AIRBUS A320 THAT CRASHED IN SOUTHERN FRANCE,0.685087204,0.852003515,-0.340872968
5.80E+17,1,BREAKING: GermanWings A320 Crash in Southern France,0.650027156,0.844526529,0.144249758
5.80E+17,1,BREAKING - A Germanwings Airbus A320 plane reportedly crashed in the region of Digne (French Alps) #Flightradar24 - French TV #itele,0.814497292,0.90363723,0.43752596
5.80E+17,1,"Sad news, plane crashed in southern France http://t.co/2K5CklKRzZ #GermanWings",0.861009479,0.948713005,0.43752596
5.80E+17,1,"Airbus passenger plane crashed in French Alps said to belong to Lufthansa subsidiary Germanwings, flying Barcelone-Dusseldorf",0.708984137,0.832671046,0.40923904
5.80E+17,1,"142 passengers on board GermanWings plane which has crashed in French Alps, according to AFP",0.726851821,0.850847602,-0.025715882
5.80E+17,1,Several European news agencies reporting an accident involving a Germanwings Airbus A320 in southern France. Developing... #breaking,0.790363669,0.908127248,0.131061172
5.80E+17,1,Germanwings Airbus A320 crashes in French Alps near Digne http://t.co/yNlWbNJmYI,0.826732397,0.8574512,0
5.80E+17,1,BREAKING #A320 crashed could be Germanwings flight #4U9525 from Barcelona to Dusseldorf. http://t.co/FJvY7woj4t,0.880726993,0.941713214,-0.404992478
5.80E+17,1,BREAKING: 148 passengers were on board #GermanWings Airbus A320 which has crashed in the southern French Alps http://t.co/VxxvrU9XmV,0.856553853,0.938028395,-0.340872968
5.80E+17,1,French police have confirmed that an #Airbus operated by -#Germanwings has crashed in Southern France,0.790745914,0.85889852,-0.251232289
5.80E+17,1,BREAKING: a Germanwings A320 has crashed in the French Alps with 142 passengers on board @9NewsAUS,0.786561608,0.907968998,-0.077074697
5.80E+17,1,We get reports about an Germanwings A320 crash. Flight 4U9525 was lost from Flightradar24 at 6800 feet near Digne in southern France.,0.766603351,0.881339312,0.001517424
5.80E+17,1,#BREAKING: There are reports that a Germanwings Airbus A320 has crashed in the French Alps. More to come. #9News http://t.co/PfEiviM9Po,0.847211957,0.947110951,-0.404992478
5.80E+17,1,A Germanwings A320 has crashed en route to Dusseldorf. Flight Radar 24 of the last known position. #4U9525 http://t.co/FrI93NrYFF,0.867137253,0.940564692,-0.252958971
5.80E+17,1,Germanwings flight #4U9525 (registration D-AIPX) was lost from Flightradar24 at 6800 feet at 09.39 UTC time. http://t.co/vZaQMUlLaZ,0.831387639,0.933852017,0.020256641
5.80E+17,1,#breaking Airbus A320 crashes in southern France with 148 people on board #Germanwings http://t.co/suRCtXRGsU,0.850389361,0.915976405,-0.077074697
5.80E+17,1,Flight #4U9525 is a flight from Barcelona to Dusseldorf.STD 08:35ATD 09:00STA 10:55Signal lost 09:41http://t.co/FHoX6q0GHt,0.791858077,0.913218975,0.063523956
5.80E+17,1,#A320 @Germanwings flight #4U9525 (registration D-AIPX) was lost from @Flightradar24 at 6800 feet at 09.39 UTC time. http://t.co/5Gv9lXJZW8,0.853574395,0.914036274,0.020256641
5.80E+17,1,BREAKING: Germanwings Airbus A320 crashes in French Alps | via @BBCBreaking,0.789053082,0.921313286,0
5.80E+17,1,Last position of Germanwings flight #4U9525 at 09:40 UTChttp://t.co/FHoX6q0GHt http://t.co/72pxGKolRM,0.828557789,0.93089366,-0.297819978
5.80E+17,1,UPDATE CRASH Germanwings #4U9525 Crash of an A320 disappeared  at 09:39 UTC from radar http://t.co/GRUjOCXkr9 http://t.co/HWrvDD24ac,0.856561005,0.913858294,0.036545592
5.80E+17,1,"Accident aircraft looks to be Germanwings (Airline code 4U or GWI) flight 9525, Barcelona to Dusseldorf. #4U9525 http://t.co/TIZc1N1ZrK",0.883474886,0.940589905,0.131061172
5.80E+17,1,"#BREAKING: A Germanwings A320 has crashed in France, German officials confirm to @NBCNews",0.782023072,0.897510946,0
5.80E+17,1,BREAKING NEWS #A320 crashed could be Germanwings flight #4U9525 from Barcelona to Dusseldorf. (140 passengers),0.829968572,0.915972054,-0.404992478
5.80E+17,1,BREAKING: Lufthansa's Germanwings plane crashes in southern France -- Report,0.684663653,0.904152215,0.43752596
5.80E+17,1,A320 Germanwings from Barcelona to Dusseldorf has crashed in French Alps near Digne les Bains.,0.691236317,0.722805619,0
5.80E+17,1,"Reports of a plane crash near the French Alps, a GermanWings A320 http://t.co/WDso9Euyhp http://t.co/mpNENahmaW",0.856738091,0.933634281,0.324688463
5.80E+17,1,Terrible news... Airbus A320 from Barcelona to Dusseldorf has crashed in France (Germanwings Flight 9525). http://t.co/C3zpWZ5bIF,0.864707232,0.948761702,0.126836427
5.80E+17,1,"#BREAKING: A #Germanwings Airbus A320 plane has crashed in southern France, police and aviation officials say.",0.773970723,0.89390564,0.088422706
5.80E+17,1,"Airbus plane operated by Lufthansa's Germanwings airline crashes in southern France, officials say - @Reuters http://t.co/by471NAzFg",0.853396654,0.94062686,0.023004646
5.80E+17,1,#BREAKING: A Germanwings Airbus A320 has crashed in French Alps near Digne (@AhronYoung),0.816821218,0.922041535,0
5.80E+17,1,Now hearing 148 passengers + crew on board the #A320 that has crashed in southern French Alps. #GermanWings flight. @BBCWorld,0.832235813,0.924574137,-0.088137807
5.80E+17,1,"BREAKING - A320, owned by Lufthansa affiliate GermanWings was travelling between Barcelona and Dusseldorf when it went down in French Alps",0.686860681,0.71474117,0.023004646
5.80E+17,1,Germanwings Airbus A320 en route from Barcleona to Dusseldorf crashes in southern French Alps - 148 people on board http://t.co/dqXZQFlg9U,0.838543475,0.872276068,-0.077074697
5.80E+17,1,"BREAKING: A #Lufthansa #Germanwings Airbus jet carrying 148 people has crashed in southern #France, en route from #Barcelona to #Duesseldorf",0.798344731,0.882228673,0.43752596
5.80E+17,1,Hashtags #4U9525 #GermanWings #A320 all useful for latest info on plane crash in southern France.,0.875080228,0.92711854,-0.027986493
5.80E+17,1,MORE: Airbus #A320 was lost from Flightradar24 at 6800 feet at 09.39 UTC time #GermanWings http://t.co/WKhAjiH6pQ http://t.co/n4vTej13ff,0.874611378,0.936072171,-0.127172183
5.80E+17,1,"BREAKING: Airbus A320 with 142 passengers and 6 crew members crashes in #Digne, France #4U9525 http://t.co/XTMaa9mAV2 http://t.co/ADAEpPZdMY",0.869850516,0.89331913,0.297387349
5.80E+17,1,"MORE Airbus A320 that crashed in southern France operated by Germanwings, carrying 142 passengers, 2 pilots, 4 crew http://t.co/XwKPmofTD9",0.830937505,0.923958838,-0.158978307
5.80E+17,1,Our last position reports of the Germanwings plane shows a very rapid descent http://t.co/OhJAEeyVoK,0.853233039,0.941706181,-0.140562107
5.80E+17,1,French Prime Minister now confirming the plane crash. (via @afneil). #4U9525,0.862727404,0.931309462,0.12166417
5.80E+17,1,German Wings Airbus A320 #4U9525 lost from @Flightradar24 at 6800 ft at 09.39 UTC time UPDATES http://t.co/XTMaa9mAV2 http://t.co/VwZmbhcUsn,0.843286395,0.904973149,0.020256641
5.80E+17,1,"Germanwings #A320 plane crashes in southern France, French prime minister says. More soon. http://t.co/k6pv4OsCQI",0.891893029,0.945810378,0.019279817
5.80E+17,1,"Germanwings #A320 plane crashes in southern France, French prime minister says. More soon. http://t.co/cBKN5dN40H",0.89393574,0.945274711,0.019279817
5.80E+17,1,German Wings airline tweeting now about reports of plane crashing in French Alps with 148 on board: @germanwings http://t.co/SqUrmcvNKt,0.877325118,0.946276844,-0.004002578
5.80E+17,1,BREAKING: Germanwings airplane crashes in French Alps with 142 passengers http://t.co/v44gsbmtO0 http://t.co/I3t8rnaN5b,0.87507087,0.937871635,0.43752596
5.80E+17,1,BREAKING: German air traffic control confirms to NBC NEws that a Germanwings flight has crashed in France. http://t.co/QbF4sKLTCX,0.862326086,0.948839188,-0.297819978
5.80E+17,1,Germanwings passenger plane crashes in France: http://t.co/BSJhGgMChG,0.851024747,0.932238817,0.356866263
5.80E+17,1,Germanwings plane crash: Airbus A320 crashes in French Alps with 148 on board -latest updates http://t.co/5K1ZxWqXh0 http://t.co/vzStX3iozK,0.857700825,0.91515851,0.264933046
5.80E+17,1,"Breaking News: Germanwings #Airbus #A320 was carrying 148 people on board when it crashed, officials say http://t.co/PkIiVwKPwu",0.865347743,0.944715202,-0.396705137
5.80E+17,1,"A @germanwings A322 #4U9525, BCN-DUS,  with at least 143 passengers has crashed today at 9.39 UTC http://t.co/L7Wtodurt7",0.853291273,0.940217793,0
5.80E+17,1,"""The pilot did send an SOS message saying the plane was in distress."" -@BillNeelyNBC reporting on #germanwings plane crash.",0.806425333,0.900902867,0.208691603
5.80E+17,1,"JUST IN: Germanwings plane crashes in southern France, up to 150 feared dead http://t.co/GIZjXnqBU3",0.883469582,0.953948259,0.210216973
5.80E+17,1,French President Fran√ßois Hollande states that there are no survivors expected in the Germanwings #4U9525 crash.,0.764194191,0.848561347,-0.254912303
5.80E+17,1,BREAKING - Germanwings #A320 from Barcelona to Dusseldorf sent out a distress call at 1047 local time,0.713707864,0.834603608,-0.176704944
5.80E+17,1,UPDATE: Germanwings #A320 from Barcelona to Dusseldorf sent out a distress call at 1047 local time - @skymarkwhite,0.761624455,0.911496043,-0.176704945
5.80E+17,1,"France's transport minister says distress signal was sent from Germanwings plane - @patthomas, @europe1 http://t.co/by471NAzFg",0.89935267,0.927206337,0.279134932
5.80E+17,1,"Flight #4U9525 initially climbed to 38,000 feet before before it started to descend and lost signal at 6,800 feet. http://t.co/MthXQ232Hn",0.8487674,0.926733494,0.393914024
5.80E+17,1,"Flight #4U9525 climbed to 38,000 feet before before it started to descend and lost signal at 6,800ft /@flightradar24 http://t.co/CIG4wqG5cU",0.864194512,0.925610244,0.304472824
5.80E+17,1,#4U9525 UPDATE: 150 people were on board: 142 passengers and 8 crew members http://t.co/ccQWJzwpYZ,0.840806842,0.937992811,0.198316657
5.80E+17,1,French President Hollande says that he expects there to be "no survivors" in the Germanwings plane crash. 148 passengers reportedly onboard.,0.734957337,0.84431535,-0.189756673
5.80E+17,1,"Flight #4U9525 was descending with a rate of about 3000-4000 feet per minute, which is quite standard for an airport approach.",0.705027342,0.821128488,-0.111447994
5.80E+17,1,All passengers and crew feared dead after A320 plane crashes in southern France  http://t.co/H3YACXHTjK #4U9525 More to follow.,0.875140846,0.929874301,0.12979173
5.80E+17,1,UPDATE: French President Fran√ßois Hollande has said that no survivors are expected in Germanwings plane crash over France. #9News,0.819494426,0.93344909,-0.05113325
5.80E+17,1,French PM: fears 142-150 passengers died when @germanwings flight #4U9525 crashed in the French Alps#Airbus #A320 http://t.co/hpCGZtf2qd,0.877269089,0.942569375,-0.404992478
5.80E+17,1,"BREAKING: French President Francois Hollande says ‚Äúapparently no survivors"" in Germanwings crash, at least 148 passengers on the plane",0.786998451,0.885892689,0.107811298
5.80E+17,1,"Heart goes out to 148 passengers and crew of Germanwings Airbus A320 that has crashed in French Alps, Southern France http://t.co/K7fmJLRt4G",0.824410558,0.926906824,-0.158978308
5.80E+17,1,.@flightradar24 altitude &amp; speed chart of #4U9525. Aircraft entered a steep but constant descent. http://t.co/Hl7IVhZCmy,0.875261426,0.943102121,-0.046748289
5.80E+17,1,"#BREAKING: Germanwings jetliner has crashed in Southeastern France, according to officials. All 148 on board are feared dead.",0.755235732,0.885240376,0.160435351
5.80E+17,1,Germanwings plane crashes in French Alps with 148 people http://t.co/pg3bpbv7R1,0.876538455,0.929084659,0.43752596
5.80E+17,1,"The Germanwings #AirbusA320 was headed from Barcelona, Spain, to Dusseldorf, Germany, French Prime Minister said. http://t.co/iWeLBpmiHS",0.861179829,0.947599053,0.00086014
5.80E+17,1,IMAGE: .@flightradar24 altitude &amp; speed chart of #4U9525. Aircraft entered a steep but constant descent. http://t.co/MoG0h2Dvaq,0.871783257,0.939765334,-0.046748289
5.80E+17,1,"Reports: Crashed #Germanwings plane was carrying 148 people, including 142 passengers, two pilots and four flight attendants.",0.748775721,0.904704511,0.391719782
5.80E+17,1,"Germanwings plane crashes in France, up to 150 feared dead http://t.co/n44I07mnoh",0.872419715,0.924182355,0.43752596
5.80E+17,1,"ALERT France's transport minister says distress signal was sent from Germanwings plane - @patthomas, @europe1 http://t.co/Ni7bJyJ52i",0.90724659,0.940822363,0.279134932
5.80E+17,1,"Germanwings crash plane 'lost signal at 6,800 feet', flight radar shows http://t.co/AjQxaENYSb http://t.co/cgU1GqKYqK",0.874524474,0.933914661,0.319245147
5.80E+17,1,Germanwings plane crash: #A320 sent distress signal before crashing in French Alps  http://t.co/U4yg4ndyBo http://t.co/6TMygKOETx,0.865844131,0.906372905,0.235614806
5.80E+17,1,French PM says passengers and crew of Germanwings plane that crash feared dead http://t.co/on24GtCYyv,0.86536032,0.927412868,0.304449587
5.80E+17,1,"Received news that a Germanwings Airbus A320 plane crashed in southern France, carrying 142 passengers &amp; 6 crew onboard.",0.75204134,0.84444958,0.171581827
5.80E+17,1,Pilots of crashed Germanwings flight declared emergency at 10:47 a.m. as plane fell rapidly. http://t.co/9YonrFRes3,0.807967305,0.940596342,0.21905475
5.80E+17,1,"BREAKING: Plane flying form #Barcelona to #Frankfurt crashes in #France, 142 people were on board. #germanwings http://t.co/wjAo0LZtp2",0.889153004,0.95529896,0.370450411
5.80E+17,1,Germanwings Airbus A320 crashes in French Alps: flightradar data shows flight #4U9525 had rapid descent http://t.co/WcNAHONCnQ,0.846368492,0.910668731,0.15455944
5.80E+17,1,Passenger plane carrying 148 people crashes in the French Alps en route from Spain to Germany.#Germanwings,0.733006001,0.866198659,0.356866263
5.80E+17,1,#BREAKING: #Germanwings Airbus A320 crew sent distress signal before French Alps crash - reports http://t.co/JLDCz6AhFR,0.881276488,0.936147451,0.225857264
5.80E+17,1,VIDEO -  BREAKING NEWS - Germanwings Airbus crashes in the French Alps with 148 onboard http://t.co/C2fJV2Uapu http://t.co/y0RoEPBMqM,0.860248804,0.928005934,0
5.80E+17,1,"A Germanwings Airbus A320, flight #4U9525 BCN-DUS, crashed in southern France; 148 on board http://t.co/tUtpc26daX",0.851884961,0.906442821,-0.077074697
5.80E+17,1,The French president has said he believed none of the 148 people on board #Germanwings flight #4U9525 plane survived http://t.co/KC9NBcEzSV,0.897756934,0.935539663,0.123744785
5.80E+17,1,"My heart goes out to the victims of GermanWings crashed near Marseille, France. 142 passengers, 6crew all feared dead http://t.co/8HbQacJ3id",0.859483242,0.941656709,0.016036742
5.80E+17,1,"ALERT Photo: Germanwings crash plane 'lost signal at 6,800 feet,' flight radar shows - @itvnews http://t.co/m358Qc2Na1",0.876779377,0.944078505,0.319245147
5.80E+17,1,"1047 call: DGAC source says pilots called ¬´urgence, urgence¬ª (‚Äúemergency, emergency‚Ä?, as opposed to a mayday call or 7700 squawk. #4U9525",0.82457757,0.866104424,0.233944376
5.80E+17,1,#4U9525 From FL380 to FL110 in 8 min? That's average rate of descent 3375 fpm! Than levelled off at FL068? What the hell was going on there?,0.784005344,0.889358759,-0.152284846
5.80E+17,1,#Breaking: A plane carrying at least 142 people crashes in  France. French PM says unlikely anyone on the #Germanwings  jetliner survived,0.811515927,0.882317305,0.43752596
5.80E+17,1,148 on board:- 142 passengers- 2 pilots- 4  flight attendants@SPIEGEL_English @Corriereit #Germanwings http://t.co/VT9w6qumJa,0.860351205,0.927780747,-0.077074697
5.80E+17,1,#Germanwings latest: http://t.co/8tZopIBYLh- #Airbus A320 crashes in French Alps- Barcelona-to-Dusseldorf flight- 142 passengers &amp; 6 crew,0.87090832,0.907412827,0.297387349
5.80E+17,1,148 people feared dead after Germanwings Airbus crash in France: http://t.co/uuK7F3uSVP http://t.co/Y7e55cwW7B,0.841134191,0.938275218,0.324688463
5.80E+17,1,148 people feared dead after Germanwings Airbus crash in France: http://t.co/oAgrXXrjuj http://t.co/Na2JBSCshD,0.867850065,0.950554013,0.324688463
5.80E+17,1,French junior minister for Transport Alain Vidalies confirms they are no survivors in the #Germanwings #A320 crash. http://t.co/ZLIz1oY8wF,0.883717895,0.926868141,-0.052097237
5.80E+17,1,"Tracking data shows descent of #4U9525 was very aggressive, but not full freefall. (image via @planefinder)http://t.co/vV6LPavase",0.849471331,0.924152732,-0.166734149
5.80E+17,1,French president: No survivors likely in Germanwings crash http://t.co/ZCVYX4B1lQ,0.878640532,0.900906801,-0.050114143
5.80E+17,1,"Before crash, pilots of #Germanwings A320 reported emergency at 10:47 local time and descended rapidly to 5,000 feet. http://t.co/CwF82tkUVg",0.829194188,0.931752205,0.206801236
5.80E+17,1,"Plane crashes in southern France, 148 on board: Germanwings budget airline was flying from Barcelona to Dusseldorf. http://t.co/2VHTfulQOQ",0.879145324,0.945733786,0.340529517
5.80E+17,1,#Germanwings update: - #Airbus A320 crashes in French Alps- Barcelona-to-Dusseldorf flight- 142 passengers &amp; 6 crew members,0.800763607,0.907629013,0.297387349
5.80E+17,1,#WATCH: An aviation expert says the #4U9525 distress call was circulated on Twitter within three minutes. http://t.co/ywO1t8O4XI,0.886740327,0.955338776,0.112688067
5.80E+17,1,The #GermanWings plane is believed to have crashed shortly after a distress call reporting an "abnormal situation" http://t.co/mLLtayvg1M,0.877443314,0.947152495,-0.047364641
5.80E+17,1,Latest on #Germanwings crash: Pilots signaled 911 before dropping out of midair; airline CEO calls this a "dark day." http://t.co/S5CZoWnn2T,0.878752947,0.953625441,-0.021380601
5.80E+17,1,#Germanwings passenger plane crashes in French Alps with 148 onboard http://t.co/JCDZtv8We0 http://t.co/yE0hUNdiTr,0.863211751,0.9398669,0.356866263
5.80E+17,1,BREAKING: 148 feared dead in crashed #Germanwings flight http://t.co/bnEGQsxBFL,0.883083045,0.938889384,0.43752596
5.80E+17,1,"Germanwings flight A320 plunged 31,200 feet in just ten minutes, according to radar data http://t.co/hv1iOCbIHA http://t.co/OQ4nlyTZ4y",0.859712839,0.883993387,0.008993238
5.80E+17,1,"French authorities say the last words from a #Germanwings #Airbus320 distress call were ""emergency, emergency."" http://t.co/vNqUvdVjfp",0.885538876,0.944617033,0.138723299
5.80E+17,1,"Latest update from @germanwings - now saying 144 passengers and six crew, so 150 people on board A320 that crashed http://t.co/uj1VdJyW5s",0.887913465,0.938889503,-0.112047202
5.80E+17,1,"Last words from #Germanwings A320 distress call were ""emergency, emergency,"" authorities say. http://t.co/FXVBrA7RPz http://t.co/OxfPISsdvj",0.896207392,0.938683391,0.138723299
5.80E+17,1,"Germanwings statement says Flight 4U9525 crashed at 11:20 local time; 144 passengers, 6 crew on board - @Morning_Joe http://t.co/by471NAzFg",0.854312658,0.938179314,0.075596636
5.80E+17,1,#BREAKING Germanwings says 144 passengers and 6 crew on crashed plane,0.783005416,0.878597319,0.383751832
5.80E+17,1,UPDATE: Germanwings says 144 passengers and 6 crew members were aboard the jet that crashed in France. http://t.co/QbF4sKLTCX,0.86626035,0.951689839,0.268534646
5.80E+17,1,BREAKING Germanwings says 144 passengers and 6 crew on crashed plane http://t.co/wFg8KTSve2 http://t.co/qTYmopB5aj,0.880743384,0.921670914,0.383751832
5.80E+17,1,Airline #Germanwings says 144 passengers and six crew were on board the plane which crashed near #Digne,0.806692243,0.867513478,0.234852801
5.80E+17,1,"Update - Authorities confirm last words from Germanwings A320 distress call were ""emergency, emergency""",0.769855857,0.771195352,0.198225386
5.80E+17,1,BREAKING: @germanwings confirms that there was 144 PAX and 6 Crew on board  - @FlightCrisis,0.833631635,0.907201648,-0.17631681
5.80E+17,1,#BREAKING: Death toll on #Germanwings flight #4U9525 rises to 150 #A320http://t.co/NK5U1GpHxL,0.871693015,0.930239975,0.084634166
5.80E+17,1,#Germanwings "sorry to confirm" 144 passengers &amp; 6 crew on board flight #4U9525 when it crashed in French Alps http://t.co/inQlKOqZup,0.881283283,0.94320941,-0.030748976
5.80E+17,1,"BREAKING Authorities confirm last words from #germanwings #4U9525 A320 distress call were ""emergency, emergency"" http://t.co/wFg8KTSve2",0.899145603,0.939577818,0.198225386
5.80E+17,1,The latest: Airline Germanwings now says there were 144 passengers and six crew aboard  plane that crashed: http://t.co/IwITH21l6h,0.877014756,0.943006635,0.101621433
5.80E+17,1,We must confirm to our deepest regret that Germanwings Flight 4U 9525 from Barcelona to D√ºsseldorf has suffered an accident over the...,0.7485075,0.836740017,-0.154750656
5.80E+17,1,"The #Germanwings plane which crashed in the French Alps descended at an ""unprecedented"" rate, an aviation expert says http://t.co/h2N4a9lpOJ",0.878256559,0.924703717,-0.215270075
5.80E+17,1,We must confirm to our deepest regret that Germanwings Flight 4U 9525 from Barcelona to D√ºsseldorf has suffered an accident over the 1/5,0.769088149,0.871806502,-0.154750656
5.80E+17,1,NEWS: 'Emergency Emergency' was the final distress call that was sent from the cockpit of flight #4U9525  - @PollyR_Aviation,0.792919517,0.891499043,0.205576327
5.80E+17,1,148 people were on board the #Germanwings plane which crashed in the French Alps. Here's what we know so far http://t.co/5sZVPg9XFR,0.844513357,0.93773967,-0.257649335
5.80E+17,1,'No survivors' in #Germanwings crash says French transport minister adding it crashed after pilot issued distress signal in good weather,0.798531413,0.876294494,-0.010278224
5.80E+17,1,"German Airbus A320 Plane Crashes, 148 People DEADhttps://t.co/94oOOSSSVv#4U9525 #germanwings #GermanWingsCrash #Airbus320 #planecrash",0.84902072,0.88452208,0.43752596
5.80E+17,1,UPDATE: No survivors are expected among the 150 people aboard #Germanwings plane. http://t.co/hd7zdUJtH4 http://t.co/iibVTBuIqz,0.877197146,0.957922578,0.160435351
5.80E+17,1,Germanwings flight #4U9525 crashes in French Alps: plane was at low altitude when 'mayday' call received - live http://t.co/zViQibyimM,0.879796743,0.944131255,0.192252115
5.80E+17,1,"#4U9525 - The Airbus 320 plunged at a rate of 5,000 feet per minute before crashing.  - @PollyR_Aviation",0.801228821,0.921675563,0.43752596
5.80E+17,1,"The #Germanwings #A320 plane that crashed in the Alps did make a distress call, CNN's French affiliate says: http://t.co/90w6VC2VBf",0.88042593,0.939511955,-0.021547008
5.80E+17,1,"@FRANCE24 reporter James Andr√© at French Civil Aviation Authority HQ: ""#Germanwings plane did NOT report distress signal"", no mayday.",0.825594544,0.925956726,-0.020983227
5.80E+17,1,#BREAKING Germanwings crew did not send distress signal: aviation official,0.733368278,0.882259369,0.086491591
5.80E+17,1,BREAKING: Germanwings crew did not send distress signal: aviation official - @AFP,0.771894872,0.916803241,0.086491591
5.80E+17,1,Update - AFP: Aviation official says #Germanwings crew did not send a distress signal,0.773337662,0.925034523,0.086491591
5.80E+17,1,BREAKING #Germanwings pilots did not send mayday signal. ATC declared the emergency. http://t.co/wFg8KTSve2,0.861203551,0.943057299,0.131061172
5.80E+17,1,"150 people were on board plane that crashed in France today, #Germanwings CEO says. http://t.co/HAhU3MmiMf http://t.co/QFCbhPWSJI",0.885625362,0.940671742,-0.025715882
5.80E+17,1,Germanwings Airbus A320 plane crash: Two babies and 16 children among 150 dead http://t.co/UGlaM0vpoK http://t.co/9yCcn7Hzz8,0.869223833,0.922613025,0.444058973
5.80E+17,1,Thoughts and prayers with the families and relatives of #Germanwings Airbus A320 plane crash: Two babies and 16 children among 150 dead.,0.772847414,0.89089036,0.41693957
5.80E+17,1,#Germanwings crew didn't send distress signal; it was sent by air traffic control - civil aviation authorities to AFP http://t.co/cN6iVJDoo7,0.864755273,0.892696738,0.223331572
5.80E+17,1,"16 schoolchildren, two teachers may have been on crashed #Germanwings plane: German town Haltern. http://t.co/XnJBPX64F8",0.890277684,0.943705499,-0.245851743
5.80E+17,1,A #Germanwings spokesman confirms two babies were among those on board a flight which crashed in the French Alps http://t.co/npoy1K5Huo,0.883763611,0.94546771,-0.17631681
5.80E+17,1,2 babies were among 144 passengers on board crashed #Germanwings plane - @germanwings says in news briefing http://t.co/INhcBgUKHF,0.889679134,0.907940388,0.356866263
5.80E+17,1,"#4U9525 took eight minutes to descend from 38,000 feet to impact, says Germanwings CEO Winkelmann.",0.756412625,0.843277037,0.43752596
5.80E+17,1,BREAKING: Germanwings CEO: plane went into 8-minute descent before crashing.,0.726837039,0.882051945,0.459432805
5.80E+17,1,#Germanwings says it cannot confirm that a very brief distress signal was made before flight #4U9525 crashed http://t.co/Pbr82b0Eul,0.880191922,0.921231389,-0.16095655
5.80E+17,1,DGAC clarifies: Germanwings didn't itself issue distress call but ATC launhed distress phase due combination of descent and no radio contact,0.69547987,0.86596632,0.006797164
5.80E+17,1,BREAKING: Update - AFP: Aviation official says #Germanwings crew did not send a distress signal via @BBCBreaking  - @FlightCrisis,0.854084611,0.928669095,0.086491591
5.80E+17,1,"BREAKING: Distress call linked with #Germanwings jet came from air traffic control, not plane -- aviation official. http://t.co/EOKW9FoIJ4",0.898104906,0.952856064,0.204659351
5.80E+17,1,Reports of "moving body" amidst #Germanwings wreckage #A320 http://t.co/GLMUsaPbGo http://t.co/WS2M4YCly3,0.879621089,0.940999985,0.268714749
5.81E+17,1,"BREAKING: Germanwings CEO: Plane victims included 72 German citizens, 35 Spaniards, 2 Americans.",0.792484403,0.875898004,0.309985784
5.81E+17,1,"BREAKING: #Germanwings crash victims include 72 German citizens, 35 Spaniards, 2 Americans, per CEO - via @AP",0.847116828,0.926847696,0.129405572
5.81E+17,1,"Germanwings CEO says 72 Germans, 35 Spanish citizens and two Americans were aboard plane that crashed in France: http://t.co/JSc0IwmqJu",0.887199879,0.895210087,0.210216973
5.81E+17,1,At least 72 Germans and 35 Spanish killed in #Germanwings crash: Airline http://t.co/JeigmQOTna http://t.co/HrECGvkUuV,0.839930177,0.918215513,0.134219714
5.81E+17,1,Recovered black box shows a pilot was locked out of the Germanwings cockpit before the crash http://t.co/ac6AdA5NKL http://t.co/bxgMNjEGeW,0.872895658,0.934359014,0.20186211
5.81E+17,1,New York Times just reporting one of the pilots was locked out of the cockpit before it crashed #Germanwings #cbc,0.761420488,0.896246672,-0.404992478
5.81E+17,1,Report: Co-Pilot Locked Out Of Cockpit Before Fatal Plane Crash http://t.co/aXGQuacv2E #Germanwings http://t.co/T80L7BhXX6,0.857944012,0.933607042,0.153279276
5.81E+17,1,.@NYTimes reports #Germanwings pilot locked out of cockpit &amp; could not get back in before crash. #AC360 begins now http://t.co/vXigiUHUdS,0.892546177,0.949748099,-0.287302249
5.81E+17,1,Germanwings pilot 'was locked out of cockpit' before fatal plane crash http://t.co/OE9lMgPCoe http://t.co/hBu3xoIaUL,0.862736106,0.916337729,0.153279276
5.81E+17,1,BREAKING @nytimes reporting one pilot on #4U9525 locked out of cockpit before deadly descent. Crash as an accident now called into doubt,0.79238075,0.922562242,-0.023493512
5.81E+17,1,BREAKING: Pilot on #Germanwings flight left cockpit before plane‚Äôs descent and couldn‚Äôt get back in: New York Times http://t.co/dZiWRFli74,0.869572282,0.938572526,0.117113713
5.81E+17,1,DEVELOPING: Pilot locked out of cockpit in @Germanwings Alps crash: report. http://t.co/CcqpToOQTn http://t.co/XlNXG8Rz3v,0.878580093,0.918167531,-0.050114143
5.81E+17,1,"The door is solid, you can‚Äôt knock it down‚Ä?it‚Äôs bulletproof-@JimTilmon on @NYTimes rpt #Germanwings pilot locked out http://t.co/hs20B8jC4b",0.869522691,0.922519445,0.005241522
5.81E+17,1,BREAKING: One pilot was 'locked out' of cockpit before Germanwings crash http://t.co/3ZrouZedhX http://t.co/CSUYBYHuAF,0.862474918,0.907577395,-0.169998367
5.81E+17,1,UPDATE: Black box recorder reveals one of #4U9525's pilots was banging on the door to get into the cockpit: http://t.co/EmSy5qU1ud #9News,0.889902353,0.938848019,0.198257193
5.81E+17,1,"Pilot on #Germanwings #4U9525 was locked out of cockpit, tried to smash door down to re-enter, the @nytimes reports. http://t.co/eGuyJz4wGs",0.89092356,0.946731329,0.11065577
5.81E+17,1,"One pilot was locked out of cockpit before #Germanwings flight #4U9525 crashed, killing 150: http://t.co/A7THsq3ea8",0.881172776,0.926650882,-0.1414342
5.81E+17,1,¬ª http://t.co/VPPJAceoql plane crash #planecrash Report: Pilot locked out of cockpit before Germanwings crash 27 http://t.co/8IymLEfX69,0.885410666,0.920094788,0.132696305
5.81E+17,1,"One pilot in #Germanwings crash was locked out of cockpit, @nytimes reports http://t.co/doZIZCHP4o",0.879964232,0.923124492,-0.169998367
5.81E+17,1,Names of pilots rumored to be Patrick Sonderheimer with co-pilot Andreas Lubitz - No formal confirmation yet. #germanwings,0.75717324,0.918173909,-0.281012764
5.81E+17,1,Name of the co-pilot: Andreas Lubitz. http://t.co/L7FDlo6Iom #4U9525,0.865815163,0.931909323,-0.011382013
5.81E+17,1,BREAKING: Name of co-pilot of crashed #Germanwings flight was Andreas Lubitz,0.753888607,0.895535827,-0.011382013
5.81E+17,1,"BREAKING: Name of co-pilot of crashed #Germanwings flight #4U9525 was German, Named  Andreas Lubitz http://t.co/yeIsO3yzop",0.875226617,0.920394182,-0.011382013
5.81E+17,1,"The copilot of the Germanwings plans, Andreas Guenter Lubitz, appeared to want to ""destroy the plane,"" French prosecutor says.",0.766106486,0.814352751,0.025494847
5.81E+17,1,Photo: German Co-Pilot Andreas Lubitz who seems to have crashed the #Germanwings flight no purpose http://t.co/3mSYxvNF3p,0.872185886,0.938800693,-0.337246382
5.81E+17,1,#4U9525: Robin names Andreas Lubitz as the copilot in the flight deck who crashed the aircraft.,0.762850285,0.786986589,0.023004646
5.81E+17,1,"Andreas Lubitz, copilot who apparently deliberately crashed Germanwings 9525, was 24 yrs old. ""He had no reason to do it,"" prosecutor says.",0.727572441,0.713984609,-0.151704598
5.81E+17,1,"BREAKING: #Germanwings co-pilot's name is Andreas Lubitz, a German national, says Marseilles prosecutor: http://t.co/1o08vXVzP8",0.88072741,0.937523127,0
5.81E+17,1,French officials confirm i/d of #Germanwings copilot as being Andreas  Lubitz. Thought to be 28 y/o. Pictured here. http://t.co/bEKvhEACa1,0.871956348,0.94395262,-0.408582759
5.81E+17,1,"BREAKING #Germanwings #4U9525 co-pilot's name is Andreas Lubitz, a German national, says Marseilles prosecutor.",0.810489714,0.906548858,0
5.81E+17,1,Update - Prosecutor confirms crashed #Germanwings flight co-pilot is Andreas Lubitz and there are strong signs he crashed on purpose,0.803038716,0.902862549,-0.243115891
5.81E+17,1,#BREAKING #GERMANWINGS co-pilot confirmed name at Press Conference: FirstName: Andreas Guenter / LastName: Lubitz,0.787354708,0.911004841,-0.011382013
5.81E+17,1,French prosecutor names co-pilot of #germanwings plane that crashed in the Alps as Andreas Lubitz. He was at controls of plane.,0.740005136,0.583141625,0.01548579
5.81E+17,1,BREAKING: Prosecutor identifies #Germanwings pilot who deliberately crashed plane carrying 150 people as German national Andreas Lubitz.,0.799067497,0.877531409,0.008218442
5.81E+17,1,"Andreas Lubitz, co-pilot who brought down #Germanwings flight intentionally, recently commended by the FAA: http://t.co/8dAYQ8vAKF",0.848884821,0.919114888,0.243312356
5.81E+17,1,schoolmates of co-pilot who crashed #4U9525 tell german reporters he took 6-months break from flight training in 2009 due to burnout-syndrom,0.761226952,0.84323281,0.000741423
5.81E+17,1,Doomed Germanwings co-pilot 'suffered burnout or depression' years before crash http://t.co/nkqWoRwKUK http://t.co/QRMJTWGAIr,0.840404153,0.900244832,0.126671619
5.81E+17,1,"Germanwings co-pilot battled depression in '09, friends say. http://t.co/srhDPf4Zn5 http://t.co/I3Zd1RyNud",0.856896818,0.937122941,0.003916143
5.81E+17,1,The co-pilot who rammed the Germanwings plane into the French Alps had previously "battled depression" http://t.co/PSBNTXo5AV,0.873087883,0.931634188,0.237588715
5.81E+17,1,The co-pilot of the Germanwings Airbus was a convert to Islam - http://t.co/7MHPhG5aIR #RedNationRising,0.864410579,0.937708735,-0.006813951
5.81E+17,1,Islam &amp; Muslims blamed even when neither have anything to do with mass killing.  #Germanwings #GermanWingsCrash http://t.co/DKmNEqzPc7,0.8675313,0.931225598,-0.275603201
5.81E+17,1,Thank God he's not a Muslim! Otherwise the world'd be on a Muslim hate spree now #Germanwings http://t.co/NoXAhjSmP7 http://t.co/Qdsc50p86W,0.819356918,0.912259698,-0.195622767
5.81E+17,1,BREAKING GERMAN NEWS: Germanwings Airbus Co-Pilot Was MUSLIM CONVERT http://t.co/oRtt0ab4YA via @gatewaypundit,0.880964637,0.943074346,-0.006813951
5.81E+17,1,The co-pilot of the Germanwings Airbus was a convert to Islam http://t.co/cXkX67PYQt,0.850046992,0.931033909,-0.006813951
5.81E+17,1,All Muslims are not like that... Okay? RT @DrShobha The co-pilot of the Germanwings Airbus was a convert to Islam,0.8019768,0.871358633,-0.328788492
5.81E+17,1,"Germany now has its own 9/11, thanks to the convert to Islam, #AndreasLubitz.#GermanyWings http://t.co/J6OTGRWHJO http://t.co/2a0zoSkjA6",0.833129525,0.895292878,-0.3839376
5.81E+17,1,GERMAN NEWS: Co-Pilot of Germanwings Airbus Was MUSLIM CONVERT ‚Ä¶‚ÄôHero of Islamic State‚Ä? http://t.co/J8budBthpm via @gatewaypundit,0.883543015,0.939767122,0.051078951
5.81E+17,1,BREAKING NEWS:Germanwings Co-Pilot was recent convert to Islam.http://t.co/fwf86tD88b http://t.co/djkzng2piM,0.856806636,0.949463367,-0.171557744
5.81E+17,1,GERMAN NEWS: Co-Pilot of Germanwings Airbus Was MUSLIM CONVERT. Can any muslim be trusted near an airplane now?,0.778021574,0.916757882,-0.255346321
5.81E+17,1,BREAKING: #Germanwings co-pilot was recent Muslim convert http://t.co/aqvtsI7OcV http://t.co/BI5OLZJKJI,0.854518652,0.937474847,-0.171557744
5.81E+17,1,Converts are DISTURBED!!Co-Pilot of #GermanWings Airbus Was a Muslim convert."Hero of Islamic State"http://t.co/jBoJb6rfor #WhiteMuslims,0.887839198,0.936821818,0.083784149
5.81E+17,1,Memo to @ron_fournier: you owe @jimgeraghty an apology:GERMAN NEWS: Co-Pilot of Germanwings Airbus Was MUSLIM CONVERT,0.849869609,0.929770172,-0.126444449
5.81E+17,1,The co-pilot of the Germanwings Airbus was a convert to Islam http://t.co/Q7yHJ4Ne2d,0.86156559,0.935692549,-0.006813951
5.81E+17,1,German PI-News Magazine is Reporting Germanwings Co-Pilot Was Recent Convert to IslamüòèRead: http://t.co/6aNN7RQUZ6 http://t.co/u9ggRyxnVD,0.8721205,0.894328415,-0.171557744
5.81E+17,1,"MUSLIM CONVERT? A German news website, http://t.co/sZQQ0pKwM1 claims Andreas Lubitz was a Muslim convert http://t.co/nX2CXzgiJr",0.843706787,0.906793594,0.00086014
5.81E+17,1,Co-pilot was a fresh convert- http://t.co/paAKWfHdg3,0.832156897,0.920890808,0.137875236
5.81E+17,1,"All evidence indicates copilot of Airbus machine in his 6-months break during his training as a pilot in Germanwings, converted to Islam",0.734137416,0.771323681,-0.26109583
5.81E+17,1,Apparently from the comments at German PI ‚Ä?Andreas Lubitz was Muslim convert from his Facebook page http://t.co/5v98FoTCSh,0.855847955,0.93658638,0.00086014
5.81E+17,1,"The #Germanwings co-pilot was not a Muslim, so he could not have been a terrorist. He was depressed. üòí http://t.co/ySZzpYHuWB",0.866333723,0.948638141,-0.2404928
5.81E+17,1,BREAKING: Co-pilot was Muslim convert http://t.co/owHYZXnVN9,0.863693357,0.943130732,-0.006813951
5.81E+17,1,Pilot of Germanwings Airbus Was MUSLIM CONVERT ‚Ä¶‚ÄôHero of Islamic State‚Ä? http://t.co/o7H6OuEfJd via @gatewaypundit http://t.co/GlDWraPosJ,0.881021619,0.919826269,0.051078951
5.81E+17,1,A German news website claims #Germanwings co-pilot #AndreasLubitz was a Muslim convert http://t.co/4PHWRSrxwu,0.879159808,0.929270029,-0.006813951
5.81E+17,1,The co-pilot of the Germanwings Airbus was a convert to Islam and became Fidain! http://t.co/QR1iNWTXuh,0.869369447,0.944923639,-0.006813951
5.81E+17,1,NEWS Germanwings pilot was muslim convert http://t.co/hQ9YdkHw3T,0.88255477,0.947209537,-0.006813951
5.81E+17,1,#GermanWings co-pilot was a fresh #Muslim convert - http://t.co/iNVyryt5LE via @Orvan Converts to #Islam are very disturbed #WhiteMuslims,0.866989613,0.924485028,0.037351618
5.81E+17,1,#Germanwings co-pilot suffered serious depression 6 years ago: German newspaper http://t.co/LXDzBdNdMB http://t.co/yTUNdHyEJY,0.856522679,0.931328773,-0.148140682
5.81E+17,1,Germanwings co-pilot had serious depressive episode: Bild newspaper http://t.co/RgSTrehD21,0.847632468,0.930497229,-0.148140682
5.81E+17,1,The #Germanwings co-pilot received psychiatric treatment for a ‚Äòserious depressive episode.‚Ä?http://t.co/XLwm5MsXrv http://t.co/VWhtJsXrgU,0.852886915,0.937336862,-0.116811387
5.81E+17,1,RT @khjelmgaard: German media reporting #AndreasLubitz had a 'serious depressive episode' six years ago http://t.co/MUdmHPz2ro #Germanwings,0.84265852,0.940895915,0.061184961
5.81E+17,1,Andreas Lubitiz was 'deemed unsuitable for flight duties' during  training #Germanwings http://t.co/nk5GGyuxaa http://t.co/HQpKZD4DSI,0.855922461,0.886058092,0.020794713
5.81E+17,1,NEWS #Germanwings co-pilot Andreas Lubitz had serious depressive episode (Bild newspaper) #4U9525 http://t.co/BV21WXdxdb,0.874504089,0.947852015,-0.148140682
5.81E+17,1,#BREAKING German media report Germanwings co-pilot had 'serious depressive episode' http://t.co/9AsVPxukV8,0.870301723,0.927955866,-0.148140682
5.81E+17,1,#Germanwings Co Pilot New Muslim ConvertIslamic State Praises Their Hero#WakeUpAmerica üá∫üá∏ http://t.co/NYefk5WCPm http://t.co/J195dkGFGU,0.839770675,0.902516305,-0.054152249
5.81E+17,1,"Just had an emergency meeting at Ansar, Ansar &amp; Ansar Lawyers about how to discredit the news the Germanwings co-pilot was a Muslim convert",0.789168835,0.895833969,-0.103059884
5.81E+17,1,Report: Germanwings Co-Pilot Treated For Depression http://t.co/ewynIJ23A2,0.838177979,0.918122411,0.036869921
5.81E+17,1,BREAKING: Germanwings co-pilot was Muslim convert http://t.co/iCRwOsU1uq,0.866213262,0.937767863,-0.006813951
5.81E+17,1,GERMAN NEWS REPORT: Co-Pilot of Germanwings Airbus Was MUSLIM CONVERT ‚Ä¶‚ÄôHero of Islamic State‚Ä?http://t.co/JDZ3vZuO2k http://t.co/NqHmAGt6Mf,0.88539964,0.94465363,0.051078951
5.81E+17,1,GERMAN NEWS: Co-Pilot of Germanwings Airbus Was MUSLIM CONVERT ‚Ä¶‚ÄôHero of Islamic State‚Ä?  http://t.co/VMXFNVRJEb http://t.co/CiXotBOh74,0.890209079,0.940819383,0.051078951
5.81E+17,1,#Germanwings #CoPilot was a recent Muslim convert as well as a psychiatric patient. #ISIS is lauding him as a hero. http://t.co/J29Y3tDjOP,0.843743563,0.93939364,-0.255804324
5.81E+17,1,GERMAN NEWS REPORT: Co-Pilot of Germanwings Airbus Was MUSLIM CONVERT ‚Ä¶‚ÄôHero of Islamic State‚Ä? http://t.co/Pw2kxje31m via @gatewaypundit,0.893795729,0.940044641,0.051078951
5.81E+17,1,"If the #Germanwings copilot #Lubitz was Muslim,it wud hv been a classic terrorism case.But hes not brown,so clearly it a mental heath issue!",0.788875997,0.857824028,-0.232327581
5.82E+17,1,BREAKING: German Media Site Says Germanwings Co-Pilot Was Muslim Convert http://t.co/bTKvcLMN60 via @anyclinic,0.884124398,0.924969316,-0.006813951
5.82E+17,1,#WakeUpAmerica Co-pilot was a Muslim Convert http://t.co/RYFQTVBYBL@seanhannity @greta @act4america @KrisParonto @JGilliam_SEAL,0.810555995,0.914014816,0.10855962
